1753827785.8086092,8DADA5265851E6616376C2EB4463
1753827785.8406525,8DADA526EA2D086FC55C085E782E
1753827786.0808175,8DADA52699149F28704029B6C425
1753827786.1118157,8DAB27605835A28DD30A31798BC3
1753827786.6941304,8DA6F2B799102C3130441F8A1E66
1753827786.6965303,8DAC5920990C2B3C9004625FCA9D
1753827786.7260942,8DA6F2B7583F62AACF0D604A13A3
1753827786.7578287,8DAB276099152103D09C162D3644
1753827786.901941,8DADA5265851E661A976B103F80C
1753827787.14203,8DAB27605835C62D9D820917277F
1753827787.3660827,8DAB276023101332C73DA0504B6E
1753827787.6061356,8DAB2760F8230006004AB84A4446
1753827787.6701066,8FA6F2B799102D31504C1F861E23
1753827787.6860757,8FA6F2B7583F764A638547394B3C
1753827787.7661867,8FA6F2B7EA2D0874015C0864D5F6
1753827787.8621538,8DAB2760EA1B786F035C08C10216
1753827787.8781693,8DAB27609915220310981670E3E9
1753827787.9413128,8DADA5265851F2C30AFE6FDD2F10
1753827788.0382593,8DADA526F8230006004AB83D0261
1753827788.16634,8DADA5269914A028B0382944D7FB
1753827788.1822455,8DAB27605835E28DDB09F5C3315D
1753827788.2782848,8DADA526EA2D086FC55C085E782E
1753827788.6784282,8DADA526E10E2700000000909293
1753827788.6943781,8FA6F2B799102D31504C1F861E23
1753827788.758403,8FA6F2B7583F82AB6F0D68A77DA1
1753827788.8063924,8DAB2760991522025094176648E1
1753827789.0305784,8DAB2760E10A8900000000C506F3
1753827789.0784917,8DADA5265853066237768FC75087
1753827789.1265523,8DAB27605835F62DA381D18AB27C
1753827789.2866712,8DADA52623101331DF3DE0EB6FC4
1753827789.7186751,8DAB276099152301909017418F25
1753827789.8146894,8FA6F2B7583F864B078550FC8645
1753827789.8466432,8FA6F2B799102D3170501F6BE00A
1753827789.8946655,8DAC5920EA466864033C08322849
1753827790.1188183,8DAB27605837162DA581B4970471
1753827790.342881,8DADA5269914A128D0382988594E
1753827790.3748183,8DAB2760EA1B786F015C08DAAA94
1753827790.7101402,8FA6F2B7583F964B4F85542848C9
1753827790.74292,8DADA526EA2D086FC55C085E782E
1753827790.8068943,8FA6F2B799102D3190501F4E60DC
1753827790.8871968,8DAB276099152300D08817703E24
1753827790.9990475,8DAB27605837228DE109A580F8F2
1753827791.1751149,8DADA52658531662BF766E89EADB
1753827791.2553039,8FA5AA20F8130006005AB8D3D4E9
1753827791.3513544,8DADA5269914A228D038298D461C
1753827791.6044483,8DAC5920990C2B3C9004625FCA9D
1753827791.6067085,8FA5AA20590BF630EB8444F63CBF
1753827791.71016,8FA5AA209910390EF83482144B2E
1753827791.71217,8FA5AA20EA04F870015E4033C435
1753827791.7261791,8FA6F2B799102D3190541F7656DC
1753827791.8222046,8DAC592058B9867B0B720EF16DD7
1753827791.886187,8DAB276099152380508417D3E5EE
1753827791.9984956,8DAB27605837328DDF0988944A46
1753827792.238395,8DADA526585312C426FE2A22DCB7
1753827792.3023326,8DADA5269914A228F03429806035
1753827792.430371,8FA6F2B7583FA2AC970D788350CE
1753827792.478364,8FA6F2B723282575CB0820B7D9EF
1753827792.62242,8DAB2760F8230006004AB84A4446
1753827792.6384149,8FA6F2B799102D31B0581F7B70F5
1753827792.8304484,8FA6F2B7EA2D0874015C0864D5F6
1753827792.8464632,8DAB2760EA1B786F015C08DAAA94
1753827792.8704314,8DAB276099152481107C1750BCBA
1753827792.8723319,8FA5AA2099103A0ED830826C1E55
1753827792.8865967,8DA43F51F8330002004AB8070E10
1753827792.9184766,8DAB27605837462DA381664D9BF4
1753827793.078559,8DA43F51EA07E870015C08C39F8A
1753827793.1105204,8DADA526F8230006004AB83D0261
1753827793.281632,8DADA5269914A229103829C647B0
1753827793.2836645,8DADA526EA2D086FC55C085E782E
1753827793.2975872,8DAC592023041332C77D20624961
1753827793.329588,8FA6F2B7583FB2ACDF0D7C579E42
1753827793.409843,8DA43F51998CFC05786819C73479
1753827793.649719,8DA43F515837961B55784F42D45B
1753827793.665652,8FA6F2B799102D31B05C1F4346F5
1753827793.713665,8DA5AA20590BE6311F845092C2D0
1753827793.7937202,8DA5AA20F8130006005AB8633619
1753827793.841732,8DAB27605837662D9F814CECA4C6
1753827793.8737035,8DAB276099152481B074178FA83E
1753827794.0178118,8DA5AA2099103A0EF8308299808C
1753827794.1460724,8DA5AA20EA04F870015E408326C5
1753827794.1778722,8DA5AA20590BE6312784526444FA
1753827794.2901824,8DADA5269914A329103829C54D7E
1753827794.3218162,8DADA526585322C4B0FE0996B90E
1753827794.4181123,8DA5AA2099103A0EF8308299808C
1753827794.4660883,8DA5AA20223B4DB4520820A5BDAD
1753827794.497865,8DA43F51998CFC05786819C73479
1753827794.7219608,8DA5AA20590BD631378456E8CDFC
1753827794.8182087,8DAB27605837762D9B8130E9B370
1753827794.8661745,8DA5AA2099103A0EF8308299808C
1753827794.9620304,8DAB276099152482706C1703E734
1753827795.2184834,8DA5AA20590BD2918D0C70EAAA5B
1753827795.290164,8DADA5269914A329303829803157
1753827795.292646,8FA6F2B7EA2D0874015C0864D5F6
1753827795.3381276,8DAB2760EA1B786F015C08DAAA94
1753827795.3830822,8DADA52658533663D1762C4D0EC6
1753827795.3849738,8DA5AA20EA04F870015E408326C5
1753827795.7353096,8DA5AA209910390F18288202565B
1753827795.8152716,8DAB27605837862D978114586C53
1753827795.9115582,8DAB27609915248310641797F21C
1753827796.1514313,8DADA5269914A3295038294FB52C
1753827796.2794776,8DA5AA20F8130006005AB8633619
1753827796.4075198,8DADA526585342C53CFDE7BA5F6D
1753827796.7595694,8DAB27605837962D9180FA4F24E4
1753827796.8555624,8DA5AA209910380F182C82396A95
1753827797.0476158,8DAB2760991525843058186B1003
1753827797.3838158,8DADA5265853466453760D022349
1753827797.5598223,8DAB276023101332C73DA0504B6E
1753827797.62405,8DAB2760F8230006004AB84A4446
1753827797.8318815,8DAB27605837A62D8B80DB48AAE7
1753827797.8638318,8DAB2760EA1B786F015C08DAAA94
1753827798.0402036,8DAC592058B9867D5F71F47E5144
1753827798.0721283,8DAB276099152684905018B11BD5
1753827798.1519809,8DADA526F8230006004AB83D0261
1753827798.16925,8DADA5269914A32970382AF52117
1753827798.2320018,8DADA526EA2D086FC55C085E782E
1753827798.3762875,8DADA526585356649575FD693898
1753827798.8402257,8DADA526E10E2700000000909293
1753827798.93621,8DAB27605837B62D8380BCEB36FB
1753827798.9521663,8DAB276099152684904C181999D5
1753827798.9681654,8DAB2760E10A8900000000C506F3
1753827799.3364067,8DADA52623101331DF3DE0EB6FC4
1753827799.4165719,8DADA526585352C604FDB6FCF9F8
1753827799.8324745,8DAB276099152684D04818AB5787
1753827800.0085614,8DAB27605837C28DB508A137594B
1753827800.232595,8DADA5269914A42990382AD995AB
1753827800.312601,8DAB2760EA1B786F015C08DAAA94
1753827800.4408634,8DADA526585362C648FDA67EE75E
1753827800.7447011,8DADA526EA2D086FC55C085E782E
1753827800.9210346,8DAB276099152784F04818ED2160
1753827800.936696,8DAB27605837C62D7380837E35BD
1753827801.2889333,8DADA5269914A429B0382A9CE982
1753827801.8009942,8DAB276099152885104418BA64FF
1753827801.8809881,8DAB27605837D28DA5086A21AC65
1753827802.4091964,8DADA5269914A429B0382A9CE982
1753827802.585182,8DAB2760F8230006004AB84A4446
1753827802.697478,8DAB276099152985104818F13431
1753827802.777258,8DAB2760EA1B786F015C08DAAA94
1753827802.825263,8DACF4E8582F3288E70E0223DBC8
1753827802.9695263,8DAB27605837E28D9D084978EAD6
1753827803.2096827,8DADA526EA2D086FC55C085E782E
1753827803.3374043,8DADA5269914A429D0382A536DF9
1753827803.4814618,8DAC5920990C2B3CB804627414BC
1753827803.5614705,8DA5AA20590B96320B84816C07E0
1753827803.7535403,8DAC592058B982E122F991F1C800
1753827803.769495,8DAB276099152985304C188C7E18
1753827803.9922822,8DACF4E8582F56290385E0AAE7A6
1753827803.9942484,8DACF4E899941B2390A013769D95
1753827804.2497075,8DADA5269914A429F03C2A2E27D0
1753827804.5857759,8DACF4E8EA1B786C015C08B5C52A
1753827804.7780693,8DAB27605837F28D8F081472754F
1753827804.8258102,8DAB276099152A8530501821E34A
1753827804.9828465,8DACF4E8582F76293D85DE10A8F8
1753827804.9848213,8DACF4E899941B23B0A01333E1BC
1753827805.190987,8DADA52658539666577591FFBC40
1753827805.3029702,8DAB2760EA1B786F015C08DAAA94
1753827805.463302,8DAC5920990C2B3CB804627414BC
1753827805.7195106,8DAB27605839062D4D7FF8882C89
1753827805.7673447,8DAC592058B982E1EEF989C85747
1753827805.8630981,8DACF4E8F8210002004AB8E3616C
1753827805.8790543,8DAB276099152B85505C18A537FF
1753827805.9431052,8DACF4E8582F86297585DBE2EB34
1753827805.9588716,8DACF4E899941B23B0A01333E1BC
1753827806.1194096,8DADA526585392C7C8FD4A53C743
1753827806.7434185,8DAB27605839162D457FDB280BC3
1753827806.7594194,8DAB276099152B855064180BC7F6
1753827806.903488,8DACF4E8582FA289D10DF8E106F2
1753827806.9194264,8DACF4E899941B23B0A01333E1BC
1753827807.079543,8DACF4E8EA1B786C015C08B5C52A
1753827807.4796336,8DAC5920EA466864033C08322849
1753827807.4955533,8DA43F51990CFB05586C18DD794C
1753827807.5278375,8DAB2760F8230006004AB84A4446
1753827807.5437813,8DA43F515835A61BC776FD780BDA
1753827807.5597947,8DAB276023101332C73DA0504B6E
1753827807.7196646,8DAB27605839262D3D7FBEF8126F
1753827807.7356699,8DAC592058B986810F71CCE6457B
1753827807.8156376,8DAB2760EA1B786F015C08DAAA94
1753827807.8476896,8DAB276099152C855068184AA99C
1753827807.87965,8DAC5920F82100020049B82D2248
1753827807.9439347,8DACF4E8582FC28A110DF5A1ABEB
1753827808.1038,8DADA526F8230006004AB83D0261
1753827808.119734,8DA5AA20590B66327D849644DB58
1753827808.6159632,8DAC5920990C2B3CB804627414BC
1753827808.6928895,8DA5AA20590B6292D90CB0D9A361
1753827808.6948528,8DAB27605839328D6F07A1245AC4
1753827808.7889218,8DAC592058B986816F71C829F936
1753827808.804903,8DA5AA2099902F0F983882A3DFCD
1753827808.8689623,8DAB276099152C85506C18729F9C
1753827809.0235379,8DACF4E8582FD28A4B0DF3B395EE
1753827809.0258088,8DACF4E899941A23B0A01330EB72
1753827809.1490588,8DAB2760E10A8900000000C506F3
1753827809.1509957,8DA5AA20EA07E870015E4053141A
1753827809.1649892,8DA5AA20590B663295849A0FB1DC
1753827809.3411124,8DA5AA2099902F0F983482EB85CD
1753827809.4371426,8DAC5920990C2B3CB808623C4EBC
1753827809.5971515,8DA5AA20223B4DB4520820A5BDAD
1753827809.6451702,8DA5AA20590B6292F10CB50DB17F
1753827809.6771603,8DA43F51990CFA0558701989058B
1753827809.8332577,8DAB27605839462D2D7F81783D1F
1753827809.835218,8DAC592058B98681CF71C486C9E8
1753827809.8370807,8DA5AA2099902F0F983482EB85CD
1753827809.878181,8DACF4E8582FF62A5185D17FEB3B
1753827809.88005,8DACF4E899941B23D09C149573EA
1753827809.9102187,8DAB276099152D85307018169329
1753827810.0223227,8DAC5920EA466864033C08322849
1753827810.1025972,8DADA5265853C6679F75432C79E7
1753827810.2307227,8DA5AA20590B5293010CB870C199
1753827810.2623155,8DAB2760EA1B786F015C08DAAA94
1753827810.3586447,8DA5AA20EA07E870015E4053141A
1753827810.4066007,8DA5AA2099902F0F983482EB85CD
1753827810.4384565,8DADA5269914A42A703C2AB82488
1753827810.4863975,8DA5AA20E11988000000004B4E84
1753827810.5824823,8DA43F515835727BCEFE8294FA4E
1753827810.694491,8DAC592058B986822571C0AA7C77
1753827810.7907412,8DA5AA20590B5632BB84A1A7DA4D
1753827810.8535206,8DAB276099152D851074186BD900
1753827810.855558,8DACF4E8F8210002004AB8E3616C
1753827810.8695073,8DAB27605839628D5D0760AEA4B6
1753827810.9015055,8DA5AA2099902F0F983882A3DFCD
1753827811.0036519,8DACF4E85831128AC50DED66B776
1753827811.0056539,8DACF4E899941B23D0981552B1E3
1753827811.1636834,8DA5AA20F8130006005AB8633619
1753827811.2117004,8DADA5265853C667E97532EF160B
1753827811.2596679,8DA5AA20590B5293190CBCC31FB7
1753827811.500001,8DA5AA2099902F0F78348331F112
1753827811.53201,8DAC5920990C2B3CB808623C4EBC
1753827811.5926921,8DADA5269914A42A903C2A9DA45E
1753827811.5946083,8DA5AA20EA07E870015E4053141A
1753827811.7208052,8DAC592058B986828571BC07EEA1
1753827811.7530441,8DA5AA20590B4632D584A6E5797C
1753827811.9188385,8DACF4E85831262AC985CC9430C7
1753827811.920838,8DACF4E899941B23D09814AD45EA
1753827811.9227152,8DAB27605839762D1D7F444AB999
1753827811.9828224,8DA5AA209990300F783482EFCBE1
1753827812.0148625,8DAB276099152E84B0741915B78C
1753827812.094888,8DACF4E8EA1B786C015C08B5C52A
1753827812.2231584,8DA5AA20590B4293310CC125732D
1753827812.5269663,8DA5AA209990300F783483103FE8
1753827812.558948,8DAB2760F8230006004AB84A4446
1753827812.5908947,8DADA5269914A42A903C2A9DA45E
1753827812.7029662,8DAC5920F82100020049B82D2248
1753827812.7349904,8DA5AA20590B4632ED84AA13AB17
1753827812.78296,8DAB2760EA1B786F015C08DAAA94
1753827812.8471127,8DA5AA20EA07E870015E4053141A
1753827812.9830625,8DAB27605839828D4D072156EE86
1753827812.985062,8DACF4E899941B23F09414A063C3
1753827812.9869251,8DAB276099152E84B07418EA4385
1753827813.0471044,8DA5AA2099902F0F78348331F112
1753827813.1911366,8DA5AA20590B4632F584ACA06922
1753827813.20718,8DADA5265853D668717512F475C6
1753827813.2711694,8DADA526EA2D086FC55C085E782E
1753827813.479319,8DADA5269914A42AB03C2AD8D877
1753827813.5432804,8DA5AA2099902F0F78348331F112
1753827813.7583344,8DA5AA20F8130006005AB8633619
1753827813.7603924,8DA5AA20590B36330584AF1FFE05
1753827813.8222876,8DAB276099152E84907418AF3FAC
1753827813.8383582,8DAB27605839962D0F7F0DA92B47
1753827814.0784893,8DACF4E899941B23F094155F97CA
1753827814.094421,8DA5AA2099902F0F5838833CD73B
1753827814.1103983,8DA5AA20EA07E870015E4053141A
1753827814.142469,8DADA5265853E2C9ECFCC8E3AAEE
1753827814.2866578,8DA5AA20590B3293630CCA05B933
1753827814.3665586,8DADA5269914A42AD03C2A175C0C
1753827814.510598,8DACF4E8EA1B786C015C08B5C52A
1753827814.638709,8DAB276099152F84507419333D94
1753827814.702869,8DA5AA20223B4DB4520820A5BDAD
1753827814.7668223,8DA5AA20590B36331D84B3ACB09F
1753827814.8787067,8DAB27605839A28D4106E89B480F
1753827814.9108033,8DACF4E85831728BA10DE4E9F17F
1753827815.2149086,8DA5AA2099902F0F583882C32332
1753827815.230821,8DADA5265853F2CA38FCB6271E59
1753827815.246877,8DAB2760EA1B786F015C08DAAA94
1753827815.3911452,8DA5AA20EA07E870015E4053141A
1753827815.4394293,8DADA5269914A42AD03C2A175C0C
1753827815.4551644,8DAC592058B98683EB71AD5ED8D6
1753827815.5029058,8DA5AA20E11988000000004B4E84
1753827815.582965,8DAB276099152F84307419FCB9EF
1753827815.6149192,8DA5AA2099902F0F5838833CD73B
1753827815.6953769,8DA5AA20590B2293850CD03CE02C
1753827815.7271748,8DACF4E8F8210002004AB8E3616C
1753827815.9332929,8DACF4E899941B23F090149855C3
1753827815.9353492,8DAB27605839C62D017ECF13FB92
1753827816.1092255,8DACF4E823101332E33CE03C80E8
1753827816.1952167,8DACF4E8E10A3D00000000F123A9
1753827816.1972156,8DADA5265853F6693D74E2667343
1753827816.1990492,8DA5AA20F8130006005AB8633619
1753827816.2026935,8DA5AA2099902E0F5834837787F5
1753827816.227166,8DA5AA20590B2293930CD332B5A8
1753827816.4354346,8DAB276099153084107019A03D3C
1753827816.54737,8DAC592058B982E610F95BA543D5
1753827816.6543458,8DA5AA2099902E0F5830834FB1F5
1753827816.656345,8DA5AA20EA07E870015E4053141A
1753827816.78226,8DAB27605839D28D3506AFD1CC84
1753827816.830192,8DA5AA20590B2293A30CD65541AE
1753827816.90348,8DACF4E85831A62BE185C0EEC8E6
1753827816.9054992,8DACF4E899941B241090146E27AC
1753827817.0315993,8DACF4E8EA1B786C015C08B5C52A
1753827817.1278083,8DA5AA2099902E0F38308380358E
1753827817.1598198,8DAC5920990C2B3CB804627414BC
1753827817.25361,8DADA5269914A52B103C2BA0A367
1753827817.255719,8DA5AA20590B2293AD0CD7E8EE29
1753827817.2775025,8DAB276099153083D0701913337A
1753827817.2794278,8CA2A7C4F9002202834A38303EAB
1753827817.4536538,8CA426E0381964D3DE133A0F86AC
1753827817.4858098,8DAB276023101332C73DA0504B6E
1753827817.5338163,8DAB2760F8230006004AB84A4446
1753827817.549907,8DA5AA2099902E0F383483B8038E
1753827817.6936889,8DAB27605839E28D2F0694D6CE28
1753827817.7096677,8DA5AA20590B16336584C04CC126
1753827817.7739532,8DAB2760EA1B786F015C08DAAA94
1753827817.9178014,8DA5AA20EA07E870015E4053141A
1753827817.997848,8DADA52658550669B774C5D0712E
1753827818.0138195,8DA5AA2099902E0F383483B8038E
1753827818.0387714,8DACF4E85831C28C550DDCDFA129
1753827818.0407274,8DACF4E899941B241090146E27AC
1753827818.2629676,8DADA526EA2D086FC55C085E782E
1753827818.2948728,8DA5AA20590B1293C50CDCE7A504
1753827818.4229894,8DAC592058B982E6C0F954E75B72
1753827818.4389825,8DAB276099153183B07019DFBDCF
1753827818.4549518,8DA5AA2099902E0F383483B8038E
1753827818.6630497,8DA5AA20F8130006005AB8633619
1753827818.7430475,8DAB27605839F62CF17E7C68F89D
1753827818.8070667,8DA5AA20590B16337D84C500EB01
1753827819.084368,8DACF4E85831D28C950DD9703D09
1753827819.0864687,8DACF4E899941C24308C168AF1F4
1753827819.2953231,8DAB2760E10A8900000000C506F3
1753827819.2973373,8DAC5920990C2B3CB804627414BC
1753827819.3433328,8DA5AA2099902E0F183483FD7FA7
1753827819.3592894,8DADA5269914A52B30382BDDE94E
1753827819.4553657,8DACF4E8EA1B786C015C08B5C52A
1753827819.4713225,8DAB2760991532839070199FDEB4
1753827819.6474168,8DA5AA20223B4DB4520820A5BDAD
1753827819.7434294,8DAB2760583B062CED7E5FEE0BA7
1753827819.8234484,8DA5AA2099902E0F183483FD7FA7
1753827819.9516642,8DA5AA20590B06339984CADD367B
1753827819.999549,8DADA5265855166A3F74A6E5D65C
1753827820.143632,8DACF4E85831F62C9F85B762CCF6
1753827820.159599,8DACF4E899941C24308C168AF1F4
1753827820.2556884,8DAB2760EA1B786F015C08DAAA94
1753827820.3356304,8DA5AA2099902E0EF83483F30222
1753827820.3836956,8DA5AA20EA07E870015E4053141A
1753827820.511723,8DAB276099153283707819CA3262
1753827820.5516915,8DA5AA20590B0633A784CDF885E8
1753827820.553831,8DA5AA20E11988000000004B4E84
1753827820.7278225,8DACF4E8F8210002004AB8E3616C
1753827820.7918282,8DAB2760583B128D1F0636B440FE
1753827820.9038591,8DA5AA2099902E0EF83483F30222
1753827821.1039844,8DACF4E85833028D090DD3A82BD8
1753827821.1060452,8DACF4E899141C24508C16D4B2F0
1753827821.2800374,8DADA5269914A62B50382B177267
1753827821.5200617,8DA5AA205909F633BF84D1B7A6F6
1753827821.55206,8DAB2760991532835084199C1074
1753827821.7921636,8DAB2760583B328D1B0618E3DDCB
1753827821.952218,8DA5AA205909F633C784D3CBD88E
1753827822.0322628,8DACF4E8EA1B786C015C08B5C52A
1753827822.0963352,8DADA5265855366ACF74847D96F1
1753827822.2793481,8DACF4E85833262D1785B2AF6F7B
1753827822.281398,8DACF4E899141C245090167C30F0
1753827822.423388,8DAB2760F8230006004AB84A4446
1753827822.5834267,8DAB2760991532833088191BCE0F
1753827822.7597644,8DAB2760EA1B786F015C08DAAA94
1753827822.8074825,8DA5AA2099902D0EB8348283112B
1753827823.14395,8DADA526585532CC5EFC35426A62
1753827823.24472,8DACF4E85833362D5185AFC69EC4
1753827823.2467523,8DACF4E899141C245094164406F0
1753827823.660794,8DA5AA20F8130006005AB8633619
1753827823.692711,8DAB276099153283108C19668426
1753827823.9968476,8DAB2760583B628D0F05D6ED10DE
1753827824.5252378,8DACF4E8EA1B786C015C08B5C52A
1753827824.733018,8DAB276099153282F09419F84DA3
1753827824.9092772,8DAB2760583B728D0B05BAE8E7B0
1753827825.245417,8DADA526585542CCF0FC133DEA55
1753827825.2933517,8DAB2760EA1B786F015C08DAAA94
1753827825.4051797,8DACF4E85833728E0B0DC8A3BAA9
1753827825.4211009,8DACF4E899141C2470A016E7D0D0
1753827825.6454513,8DAB276099153282F09819B017A3
1753827825.7572253,8DACF4E8F8210002004AB8E3616C
1753827825.9012527,8DAB2760583B828D07059C592488
1753827826.1416054,8DACF4E8E10A3D00000000F123A9
1753827826.1575634,8DACF4E823101332E33CE03C80E8
1753827826.5414639,8DACF4E85833962E0F85A7B4C458
1753827826.5574188,8DACF4E899141B2470A016EEE4BA
1753827826.637623,8DAB27609915328310A01AEF723D
1753827826.9895346,8DAB2760583BA28D03057BF5B878
1753827827.0537992,8DACF4E8EA1B786C015C08B5C52A
1753827827.1495852,8DADA526585552CD76FBF3CF225D
1753827827.4056892,8DAB2760F8230006004AB84A4446
1753827827.5016708,8DADA5269914A82BB0342B68C065
1753827827.5736556,8DAC5920EA466864033C08322849
1753827827.5757356,8DACF4E85833B62E4985A48C745E
1753827827.5776186,8DACF4E899141B2470A016EEE4BA
1753827827.5795195,8DAB276099153282F0A81A9163B8
1753827827.6376233,8DAB276023101332C73DA0504B6E
1753827827.797979,8DAB2760EA1B786F015C08DAAA94
1753827827.9097407,8DAB2760583BC28CFF056023E007
1753827828.1180606,8DADA526F8230006004AB83D0261
1753827828.1978233,8DADA5265855666C75742189BB2A
1753827828.2938864,8DA5AA205909D294AD0D07CD19EC
1753827828.3418279,8DADA5269914A82BB0342B68C065
1753827828.3998854,8DACF4E85833C62E7785A2C57564
1753827828.4019036,8DACF4E899141A2470A416D5D874
1753827828.4959085,8DA5AA20F8130006005AB8633619
1753827828.6239407,8DAB276099153282F0B01A01D7B8
1753827828.928052,8DAB2760583BE62CC37D4EDD5718
1753827829.0400906,8DADA526585562CDFCFBD4FFC8CE
1753827829.0881307,8DAB2760E10A8900000000C506F3
1753827829.1683226,8DADA5269914A82BD0302B9F721E
1753827829.464298,8DACF4E85833E62EB785A0C4CC40
1753827829.4663754,8DACF4E899141A2490A016C86EA2
1753827829.512274,8DAB276099153182F0B41A3CFEEA
1753827829.5605288,8DACF4E8EA1B786C015C08B5C52A
1753827829.8645003,8DAC5920990C2C3CB008625BD8DE
1753827829.9605365,8DADA526585572CE3CFBC52C8BF5
1753827830.0405896,8DAB2760583BF62CBD7D2EBF22CD
1753827830.2967937,8DAB2760EA1B786F015C08DAAA94
1753827830.439896,8DACF4E85833F28F2B0DBCB532E4
1753827830.4420035,8DACF4E899141A2490A017379AAB
1753827830.5679226,8DAB276099153182F0BC1A4C92EA
1753827830.7440379,8DADA526EA2D086FC55C085E782E
1753827830.8721282,8DAC5920990C2C3CB008625BD8DE
1753827830.9361,8DACF4E8F8210002004AB8E3616C
1753827830.9521596,8DADA5269914A92BD0302B9C78D0
1753827830.9681199,8DAB2760583D128CF10502D5A15C
1753827831.0001624,8DADA5265855766D3973F36FB824
1753827831.224394,8DAC592058B982EBA6F91DDC3704
1753827831.352427,8DACF4E85835162F1F859CF89F73
1753827831.4644904,8DAB276099153182D0C01AE3A0D8
1753827831.9450219,8DAC5920990C2C3CB004621382DE
1753827832.0250883,8DADA526585582CED0FBA244BF72
1753827832.0888803,8DAB2760583D328CEB04E1E81784
1753827832.1047797,8DACF4E8EA1B786C015C08B5C52A
1753827832.240952,8DACF4E85835228F9B0DB78ED210
1753827832.2429793,8DACF4E89914192490A4170AB3F9
1753827832.4493387,8DAB276099153082D0C01AE0AA16
1753827832.46501,8DAB2760F8230006004AB84A4446
1753827832.8012815,8DAC5920F82100020049B82D2248
1753827832.9133244,8DAC5920990C2C3CB004621382DE
1753827832.993624,8DADA526F8230006004AB83D0261
1753827833.185498,8DAB2760583D628CE704C0BDCE51
1753827833.569747,8DAB276099153082B0BC1AC56076
1753827833.9860828,8DADA5269914A92C10342B174096
1753827834.114332,8DAB2760583D762CAD7CB5D04E45
1753827834.4665594,8DACF4E85835662FD9859427ACC6
1753827834.5145185,8DAB276099152F82D0BC1BD4DEFE
1753827834.6103911,8DACF4E8EA1B786C015C08B5C52A
1753827835.0567062,8DADA5269914AA2C30342B5723ED
1753827835.058789,8DAC5920990C2C3CB804627D20D6
1753827835.2648542,8DAB2760EA1B786EE55C08E38615
1753827835.4069545,8DACF4E858358290530DB0A8B309
1753827835.4090896,8DACF4E899141A24B0A4174AD082
1753827835.9350338,8DACF4E823101332E33CE03C80E8
1753827835.9509542,8DACF4E8F8210002004AB8E3616C
1753827836.1913164,8DACF4E8E10A3D00000000F123A9
1753827836.2822096,8DACF4E8583596304185905B86EF
1753827836.2842832,8DACF4E899141A24B0A4174AD082
1753827836.2861607,8DADA5265855A66EAB739C4A391F
1753827836.5062099,8DAB276099152E8350B81B2E1BCE
1753827837.0663676,8DACF4E8EA1B786C015C08B5C52A
1753827837.1864104,8DACF4E85835B290BD0DAB61E5D7
1753827837.1884792,8DACF4E899141B24B0A818FE2004
1753827837.1903508,8DADA5265855A66EEB738EC03D8E
1753827838.280815,8DACF4E85835C290FF0DA89C1BB5
1753827838.281835,8DACF4E899141B24B0A818FE2004
1753827839.326088,8DACF4E85835E630F585888D3D6B
1753827839.3271081,8DACF4E899141B24B0AC18C61604
1753827839.5982566,8DACF4E8EA1B786C015C08B5C52A
1753827840.3613997,8DACF4E8583706312F85855D0F6A
1753827840.3624253,8DACF4E899141B24B0B0186E9404
1753827840.9855914,8DACF4E8F8210002004AB8E3616C
1753827841.3456535,8DACF4E858372291AF0DA02CEBAC
1753827841.3466542,8DACF4E899141B24B0B0186E9404
1753827842.081881,8DACF4E8EA1B786C015C08B5C52A
1753827842.4809828,8DACF4E858374631AB8580BD257C
1753827842.481988,8DACF4E899141C24B0B01867A06E
1753827843.4471292,8DACF4E858376631E5857DEEC7FB
1753827843.4493473,8DACF4E899141C24B0B01867A06E
1753827844.423731,8DACF4E858378292670D98442963
1753827844.439616,8DACF4E899141C24B0B01867A06E
1753827844.61549,8DACF4E8EA1B786C015C08B5C52A
1753827845.4477553,8DACF4E858379292A30D95DC942B
1753827845.4636948,8DACF4E899141D24D0AC1803ACDB
1753827845.800006,8DACF4E8F8210002004AB8E3616C
1753827845.9438136,8DACF4E823101332E33CE03C80E8
1753827846.0398781,8DACF4E8E10A3D00000000F123A9
1753827846.359975,8DAC592058B982F16CF8DD8B644D
1753827846.4018645,8DACF4E85837B6328D857644F26A
1753827846.4038515,8DACF4E899141D24D0A8183B9ADB
